GROUP,PACKAGE,CLASS,INSTRUCTION_MISSED,INSTRUCTION_COVERED,BRANCH_MISSED,BRANCH_COVERED,LINE_MISSED,LINE_COVERED,COMPLEXITY_MISSED,COMPLEXITY_COVERED,METHOD_MISSED,METHOD_COVERED
playarena,com.playarena.app.util,InputValidator,329,0,36,0,53,0,32,0,14,0
playarena,com.playarena.app.enums,Status,44,0,0,0,5,0,1,0,1,0
playarena,com.playarena.app.enums,Difficulty,34,0,0,0,4,0,1,0,1,0
playarena,com.playarena.app,App,16,0,0,0,5,0,2,0,2,0
playarena,com.playarena.app.view,GameView,115,0,8,0,39,0,13,0,7,0
playarena,com.playarena.app.view,TournamentView,286,0,18,0,84,0,18,0,7,0
playarena,com.playarena.app.view,Entry,51,0,6,0,20,0,8,0,3,0
playarena,com.playarena.app.view,TeamView,111,0,8,0,37,0,13,0,7,0
playarena,com.playarena.app.view,PlayerView,112,0,8,0,36,0,13,0,7,0
playarena,com.playarena.app.dao.impl,TournamentDaoImpl,4,0,0,0,2,0,2,0,2,0
playarena,com.playarena.app.dao.impl,TournamentDaoExtension,4,0,0,0,2,0,2,0,2,0
playarena,com.playarena.app.model,Player,60,0,2,0,17,0,10,0,9,0
playarena,com.playarena.app.model,Team,78,0,4,0,21,0,14,0,12,0
playarena,com.playarena.app.model,Tournament,174,0,2,0,50,0,26,0,25,0
playarena,com.playarena.app.model,Game,88,0,0,0,28,0,12,0,12,0
playarena,com.playarena.app.repository.impl,GameRepositoryImpl,185,0,0,0,53,0,7,0,7,0
playarena,com.playarena.app.repository.impl,PlayerRepositoryImpl,177,0,0,0,54,0,7,0,7,0
playarena,com.playarena.app.repository.impl,TournamentRepositoryImpl,232,0,10,0,67,0,11,0,6,0
playarena,com.playarena.app.repository.impl,TeamRepositoryImpl,189,0,4,0,59,0,9,0,7,0
playarena,com.playarena.app.service.impl,TournamentServiceImpl,78,0,2,0,21,0,8,0,7,0
playarena,com.playarena.app.service,PlayerService,71,0,6,0,19,0,9,0,6,0
playarena,com.playarena.app.service,GameService,60,0,4,0,16,0,9,0,7,0
playarena,com.playarena.app.service,TeamService,64,0,4,0,17,0,9,0,7,0
